,German_Raw,German_Code,SoldAfterDays,CountEntity,Average Amount,German_Code_Parent,Code,Title,Imagefile,Rank_SoldAfterDays,Rank_CountEntity,Rank_Average_Amount,Score
95,Natural stone slates,Pr_25_93_72_57,29.8,5,762.5,Pr_25_93,Pr_25_93,Unit skin products,"[['78e708cb-fe940960-2ad9-4651-b132-c6e70f1659d8.jpeg'], ['393b7312-20191106_120006-scaled.jpg'], ['ec3797a5-20191106_115941-scaled.jpg', '23959681-20200506_112134-scaled.jpg'], ['726fa512-sandsteinplatten-1-scaled.jpg'], ['b9fb0060-6d63aceb-76cb-4a4b-a667-968cb4a26cc2-scaled.jpeg.webp']]",1.0,28.0,6.0,11.666666666666666
96,Marble dust,Pr_20_31_35_50,31.0,4,435.6666666666667,Pr_20_31,Pr_20_31,Formless structure and general products,"[['49b2569a-f346b412-ab0f-49b3-a2fb-4329afe070b9-scaled.jpeg', 'aab5f5d2-28d4ef10-5790-4aff-a103-a5580a87064d-scaled.jpeg'], ['816d6d6e-img_20220305_085801-scaled.jpg'], ['bd36f394-image_3f01fbdd-570f-4094-afce-e5384d79c757-scaled.jpg'], [], ['7f7fa61f-kh9ee2lu.jpeg', 'b823d5f1-20220512_152858.jpg']]",4.0,33.0,9.0,15.333333333333334
9,window,IfcWindow,45.16822429906542,107,31.22,IfcWindow,,,"[['fee8afbb-4fa66919-d943-468f-9337-491bbc34da8e.jpeg.webp'], ['fab2997a-img_20230228_124702-scaled.jpg'], ['ec79768c-5e4bb29b-596e-482b-a64a-5a9e025f6a75-scaled.jpeg'], ['56b5117c-img_20220911_103725-scaled.jpg'], ['c6393a6f-fenster-11-scaled.jpeg', 'fc90d4cf-fenster-1-scaled.jpeg', 'a265ab98-fenster-1-scaled.jpeg', '82ca8441-fenster-1-scaled.jpeg', '7eea679e-fenster-1-scaled.jpeg'], ['ffb1d948-1d267ed8-b91d-4f65-a0cd-cb39efb6d6a6-scaled.jpeg'], ['21d6b830-dsc_6361-scaled.jpg', '7c7183de-dsc_6367-scaled.jpg', 'b410abb9-dsc_6365-scaled.jpg', 'e575cc3f-dsc_6359-scaled.jpg'], [], ['17ceafa7-img_5255-scaled.jpg', 'c6e1a457-img_5261-1-scaled.jpg', '55a48ecf-img_5258-scaled.jpg'], [], ['063ab8be-3a43fa79-8a66-471d-99b3-c0333479651b-scaled.jpeg'], ['45bf3dbd-1.png', '91a22c4b-2.png', '1996387e-fenster.jpg', '7c53737f-fenster-e_.jpg', 'dd219aaa-fenster.2.jpg', 'e5e91a72-fenster.5.jpg', '4f1aa3b0-fenster.4.jpg', 'c35a5823-fenster-c.jpg'], ['48a49257-63c2eec0-fbdf-47a3-8ecd-eb80ad99a1f3-scaled.jpeg'], ['4d78a033-6f6c360d-53ba-4da1-a9fa-fc1dcb93678f-scaled.jpeg'], ['f4e06eb6-20211226_145400-scaled.jpg', 'fd4ccb94-20211226_145528-scaled.jpg'], ['aa09ed6a-856e28e0-a1b5-4978-a8d4-7553bbbeca5d-scaled.jpeg', '5264f2d2-e4c31702-381f-4431-b569-b6ffdaf5d461-scaled.jpeg', 'ef01982a-52a8d7c8-7d70-43bd-8ced-7675ac522403-scaled.jpeg'], ['14774e01-20210220_092207-scaled.jpg'], [], ['8edf8198-210962.jpg'], ['130eae72-cb51f898-bd28-45f3-93fc-c28fa8d0ce16.jpeg'], ['aeb2b110-9e4c5490-3015-4b64-8c81-be13eee4a431-scaled.jpeg', '171fd2e1-abkv3dejl8e6aaaaaelftksuqmcc.png', 'a8b0a283-bfbdd9a4ahycdonlgrcswmrp0fiuhr6akagxbqiulcu0bj4iwdl2fsjmbueamqjz6wxdvxyimwrht8kzk5a6ucep5pm55ek5nq64aaaaasuvork5cyii.png'], ['0d770d41-20210724_113213-scaled.jpg'], ['1a28764d-20210626_102629-scaled.jpg'], ['3774bc06-img_20210428_172614-scaled.jpg', '1b144995-img_20210428_172619-scaled.jpg'], ['8de79a0b-20210401_192311.jpg'], ['71760025-044db424-c482-40fb-9250-971349fff18c-scaled.jpeg'], ['602616c3-img-20210227-wa0023.jpg', '1f6ce83f-img-20210227-wa0023.jpg', '5c4da858-img-20210227-wa0023.jpg'], ['566bcee7-fnst4.jpg', 'c359b631-fnst1.jpg'], ['d684c06a-faf63243-e4bc-4be1-9cdd-f4cfc2e6090b.png', '7281b7d9-ca72cede-44c2-4a93-99d3-9ec6886c00e2.png', 'f7890ee8-c075a811-d065-4713-916f-78bcfe189bbc.png'], ['2511ac1b-img_3355.jpg', '35d9c102-img_3383.jpg'], ['a07737ff-img_3386.jpg', '1f70f2fa-img_3355.jpg'], ['b8265359-img_3355.jpg', '8ab9f615-img_3383.jpg'], ['418353a4-img_3364.jpg', 'cb94e00b-img_3355.jpg'], ['22091cec-fenster.jpg', '55bdb378-holzfenstercsp44079958.jpg', '64f86285-kunststofffenstercsp6386176.jpg', 'c746bfcd-fenster.jpg'], ['e1006577-fenster6.jpg'], [], ['e1006577-fenster6.jpg'], [], ['66dfaa40-20170128_130134-scaled.jpg'], ['643c72e4-20170205_131819-scaled.jpg'], [], ['8d608fb4-0-scaled.jpg', 'cae818df-20230722_masszeichnung.png'], ['4a604c01-20230710_191547-450x253.webp', '111f7d06-20230710_191541-scaled.jpg', '63f65cdf-20230710_191559-450x253.webp'], ['b7903039-img_4745-450x338.webp'], [], ['Screenshot_20231211_020803_Kleinanzeigen-1-202x450.webp'], ['IMG_2968-450x338.webp'], ['cafc1fae-whatsapp-image-2023-07-07-at-12.11.29-1.jpeg', '94856c84-whatsapp-image-2023-04-25-at-18.00.21.jpeg', '9ae92978-whatsapp-image-2023-07-18-at-21.34.39.jpeg', 'c884ee6d-whatsapp-image-2023-07-18-at-21.34.10.jpeg'], [], [], [], [], [], [], [], [], [], [], [], [], [], [], [], [], [], [], [], [], ['2b7fc11b-20201004_200742-scaled.jpg'], [], ['3dc647f1-img_1599462021057_38237.jpg', 'bdadd0e2-img_1599222995515_83334.jpg'], [], ['3ff5b799-20200823_164537-scaled.jpg'], ['7074fea6-628dd8ed-8f10-482a-9de3-c2d2aa3732af.png', '6dd7de6f-545f0c75-d6ff-49eb-910b-f0308206b125.jpeg'], ['834cbcc8-img_1757.jpg.webp', '98857fa4-img_1760.jpg.webp'], ['72d61b52-img_20191212_144118-scaled.jpg.webp'], [], [], [], [], [], [], [], [], [], [], [], [], [], [], [], [], [], [], [], [], [], [], [], [], [], ['a72972a7-a802fa7b-e923-4424-82df-6a17a0320ee5.jpeg', '69360824-2649911b-7308-4448-ab54-5085b7d9fdd9.jpeg'], ['88c787ca-img_20210814_072405967_hdr-scaled.jpg'], ['892e1841-img_1112-scaled.jpeg', '8850af3e-img_1062-scaled.jpeg', '9de5bdfe-img_1071-haustuer-vorne-scaled.jpeg', '3d4b0342-img_1808_fenstwr-mit-sandsteinpfosten-scaled.jpeg', 'd51f030c-img_1796-scaled.jpeg'], ['e2641424-screenshot_20230417_110114.jpg', '7eb2c024-screenshot_20230403_092330.jpg', '07df558d-screenshot_20230403_095810_com.ebay_.kleinanzeigen.jpg'], ['96f8f05c-whatsapp-image-2023-03-24-at-13.34.43.jpeg', '5a5c6cd2-whatsapp-image-2023-03-24-at-13.34.43-1.jpeg'], ['cd035fd9-img_20211011_140849.jpg', '5068fc04-img_20220525_113949.jpg'], ['da6be607-0235ee41-5441-4d46-b79d-0e943ea80d85.jpeg'], ['7b83aeb9-4ed0c195-30a0-4aba-b3f7-ab08cb332ae6-scaled.jpeg'], ['ec79768c-5e4bb29b-596e-482b-a64a-5a9e025f6a75-scaled.jpeg'], ['82c6f4a5-1691474742683-01-282x450.webp', '51d02834-1691474711274-01-259x450.webp'], ['21d6b830-dsc_6361-scaled.jpg', '7c7183de-dsc_6367-scaled.jpg', 'b410abb9-dsc_6365-scaled.jpg', 'e575cc3f-dsc_6359-scaled.jpg'], ['cafc1fae-whatsapp-image-2023-07-07-at-12.11.29-1.jpeg', '94856c84-whatsapp-image-2023-04-25-at-18.00.21.jpeg', '9ae92978-whatsapp-image-2023-07-18-at-21.34.39.jpeg', 'c884ee6d-whatsapp-image-2023-07-18-at-21.34.10.jpeg'], ['0d0308e9-img-20230618-wa0009.jpg'], ['643c72e4-20170205_131819-scaled.jpg'], ['66dfaa40-20170128_130134-scaled.jpg'], ['f83c3048-20230709_082034-scaled.jpg', '57e9b22c-20230709_081742-scaled.jpg'], ['4a604c01-20230710_191547-450x253.webp', '111f7d06-20230710_191541-scaled.jpg', '63f65cdf-20230710_191559-450x253.webp']]",21.0,1.0,28.0,16.666666666666668
29,quay,IfcMarineFacility.QUAY,38.4,5,211.25,IfcMarineFacility.QUAY,,,"[[], [], ['73ed0408-img_20200925_082304146-scaled.jpg'], [], [], ['c5120775-20200508_163901-scaled.jpg'], ['23d7f210-20221122_123614-scaled.jpg'], [], ['44d57b51-daemmrolle-scaled.jpg', 'af52b22c-daemmrolle-werte-scaled.jpg'], ['1d7bc088-c041e36f-267f-4cf3-908d-07d3c4a5e7a8-scaled.jpeg'], ['53de4afd-granitborde.jpeg'], [], ['4b03f48b-prima-daemmschuettung-100-l.jpg', 'bb601726-image_db157c3d-2623-4037-af5a-5e38ffd6c1c7-scaled.jpg'], ['12d46dbd-c6bc4d48-2e7e-400d-aa6f-e4761a8b61df-450x323.webp', '8ede1bb3-e4f5baa7-9996-472f-a0ed-8a3f6653fa24-450x323.webp']]",9.0,28.0,17.0,18.0
16,staple,IfcMechanicalFastener.STAPLE,50.15384615384615,13,321.5,IfcMechanicalFastener.STAPLE,,,"[[], ['0f699a93-img_7610-scaled.jpg'], ['4ad816c1-1-scaled.jpg'], [], ['2a9f0a5b-fensterbild.jpg'], [], [], ['56e2021d-fss-0-45.jpg', '9008f437-fss-0-45-nah.jpg'], ['bfe7cef0-s-l1600-12.jpg'], ['7f0de03d-00200_produktbild_165-203_700x700-1.jpg'], [], ['6e7c04f5-20220304_163932-scaled.jpg', 'c681bf8b-20220304_163403-scaled.jpg', '707db993-20220304_163629-scaled.jpg'], [], ['39e5bd32-waschtischplatte-komposit-3-becken-naturstein-abgebaut.png'], [], [], [], [], ['81e9958f-20220118_150506-scaled.jpg'], [], [], [], ['368e5bec-img_20230119_132537-scaled.jpg', 'e4f5e290-img_20230117_101621-scaled.jpg'], [], ['a16a9cc5-briefkasten-2.jpg', '4c2426fa-briefkasten-1.jpg', '660b018f-briefkasten-3.jpg', 'ffacb447-briefkasten-4.jpg'], [], ['d5d6ce45-whatsapp-image-2020-03-13-at-4.36.14-pm.jpeg.webp'], [], [], ['3c424fe0-ce97445a-3746-4212-a67b-e756025f6841-scaled.jpeg', '83992b63-c60a51d4-2264-4731-b3b4-5ebb57f4f87e-scaled.jpeg', 'e74df2d3-b7d1c15c-92ce-4f7b-8f2e-073456e70c4c-scaled.jpeg'], ['cda06f55-img_0959-scaled.jpg'], ['497fccd3-1.jpg', '62ec1003-1-1.jpg'], ['280e774a-20230420_203317-scaled.jpg'], ['454ccc2c-img_3815.jpeg', '065b2037-6b52-40e2-ad4a-ec300cae46ae.jpeg'], ['5c9e13b2-0c21-4cbd-9714-0d3af1133b41.jpeg'], ['09873cfe-20220722_132209-scaled.jpg', '53daf2cf-20220722_132220-scaled.jpg'], ['87672960-whatsapp-image-2022-07-18-at-13.10.39.jpeg'], ['27776945-59.jpg'], ['1c12c9eb-57.jpg'], ['d06aff78-lamellen-scaled.jpg'], ['c381da10-image-scaled.jpg'], ['0faf8c48-img_7723-scaled.jpg'], ['07cebaaf-image-scaled.jpg'], ['dd15b974-dscf6127.jpg.webp'], [], [], [], ['ed235ae2-doppelstabmattenzaun-6-scaled.jpg'], ['b6b07789-pflaster.jpeg'], [], [], ['31d9adef-1-scaled.jpg'], ['cfaade64-z_schnitt_profil.gif', '2ce51abd-20230611_092419-scaled.jpg'], ['9452f85e-ristuck.jpeg'], ['e51dba6d-tuerwc-scaled.jpg'], ['88cc3590-whatsapp-image-2023-08-11-at-09.08.14.jpeg', '4836ed40-whatsapp-image-2023-08-11-at-09.08.221.jpeg'], ['15a6d139-1690101309238-scaled.jpg'], ['0da36009-bild-4.jpg', '6405bceb-bild-1.jpg', '15b4db9a-img_3170-rotated.jpeg'], ['2e1b090a-20230923_183630.jpg', 'c9d30249-20230923_183622.jpg', '82124c96-20230923_183613.jpg']]",30.0,14.0,14.0,19.333333333333332
7,Wood window walls,Pr_30_59_99_96,43.36363636363637,11,27.3,Pr_30_59,Pr_30_59,Openings and opening component products,"[['043dacb7-jugendstiltuer1.jpg'], ['1c37b481-10.jpg.webp', '6c93e44d-7.jpg.webp', '94d9032f-4.jpg.webp', '20f5c8b5-1.jpg.webp'], ['91322577-a1d09cf2-6f37-470a-9144-64dd3d3ac2c0-scaled.jpeg'], ['1b4a6ba4-26af3265-9eed-4853-8875-2a1fc58d4aed-scaled.jpeg', '457dfded-79c872a3-091a-454c-9b18-78f5ff3a9f89-scaled.jpeg'], ['bc314df8-img_5142-scaled.jpg', '34147841-img_5182-scaled.jpg', '493ba6a6-p1040677.jpg', 'd46726d9-img_5615-scaled.jpg', 'c3bdf22f-img_4826-scaled.jpg'], ['89cf7d7d-20210809_161931-rotated.jpg'], ['154f23d0-dscn1072-scaled.jpg'], ['fb65dcb8-image006-1.jpg', '2f699db3-image001-1.jpg'], [], ['ca15a5fa-img_4107-scaled.jpg'], ['3b8b57bc-img_20200818_112855-scaled.jpg'], ['368cbe6a-p1070861-scaled.jpg', '5af25f17-p1070860-scaled.jpg', 'a2192728-p1070862-scaled.jpg'], [], [], ['3dd30452-fenster04.jpg', 'cca2142c-fenster01.jpg'], ['beb89c9b-1691474767591-01-450x389.webp'], ['14c3e348-4dff-40be-b027-c064c99dea2a.jpeg', '56b95dd1-fenster-3.jpeg', '86de6016-b4a5-4e9e-aab8-e27b598842e9.jpeg', 'df2213bc-cb43-4c6d-8eb9-dd1dbbac02da.jpeg', '9dc46275-4d7f-4789-8aaf-bf0f73984a5b-450x338.jpeg', '8800b351-fenster-2.jpeg', '488e26aa-43e1-45ee-8e7c-d098988ff8af.jpeg', 'cb9601f2-fenster-1.jpeg', '60808f1d-bf3f-4656-a31e-e843824ec064.jpeg'], ['b5aca121-img_2636-scaled-338x450.jpg', '87898990-img_2637-scaled-338x450.jpg'], ['4600e8d4-img_8415-scaled.jpg', '744e76df-img_8414-scaled.jpg', 'd290c0b4-img_8413-scaled.jpg']]",14.0,17.0,29.0,20.0
10,Grommets,Pr_20_29_60_34,69.96078431372548,51,241.60416666666666,Pr_20_29,Pr_20_29,Fastener products,"[[], ['45a938d9-4-scaled.jpg', '3111045d-grosse-tuer-scaled.jpg', '6eadd7db-3-scaled.jpg', 'c8a9d7f3-20230218_093109-scaled.jpg'], [], [], ['f97be933-fenster_gaube.jpg'], ['e0d35191-fac9d59e-3e12-40ad-8073-d9bd4157d5fd-scaled.jpeg'], [], [], [], ['a0338985-20221220_100754-scaled.jpg'], ['6106dc91-img_7495.jpg'], ['a6842051-img_7496.jpg', 'f77eb538-img_7495.jpg'], [], ['f74281f6-fenstergitter-gross-scaled.jpg', '6d89ed00-fenstergitter-gross-scaled.jpg'], [], ['d13dc98e-bimurosteine.jpg'], [], ['2c2be74b-20210818_135958-scaled.jpg'], ['53b5e171-img-20230416-wa0014.jpg'], ['26e91d16-61-1.jpeg'], ['5351bb00-61.jpeg'], ['4c8af831-s-l1600-3.jpg'], ['c1faebb7-s-l500-4.jpg'], ['130587c3-s-l500-3.jpg'], ['eb6d7d1b-img_5096-scaled-e1575756203530.jpg'], ['81f4e7a2-img_20200616_190335-scaled.jpg'], [], [], [], [], ['14766446-shpock_image_1608746689022.jpg', 'd6f8f53f-shpock_image_1608746726370.jpg'], [], [], [], ['e0d65987-20220316_075717-scaled.jpg', '9e39d715-20220316_075717-scaled.jpg'], ['e2938cf2-img_1164.jpeg'], ['90976592-image_3481c5ae-238c-4654-9cb4-8910e3523471-rotated.jpg'], ['ef80568d-sparren-scaled.jpg'], [], [], ['a286e330-heizkörper-scaled.jpg'], ['a1735f13-röhre-scaled.jpg'], ['adeeb3d7-heiz-scaled.jpg'], ['9f53fd67-heiz-scaled.jpg'], ['b6d59c2e-heiz-scaled.jpg'], ['816e799a-heizkung-scaled.jpg'], ['b603f074-heizk-scaled.jpg'], ['0175c14f-heizkkk-scaled.jpg'], [], [], [], [], [], [], [], [], [], [], [], [], [], [], ['9f53fd67-heiz-scaled.jpg'], ['9b0ae18a-ziegel-riemchen_variation_neu_klinker_wand_barrio-alto_d0798ac7-ff23-41fb-8e8c-29b73c0f609e.jpg'], [], ['e06e1ab2-img20230423110707.jpg'], ['26463087-2023-01-3010.33.111837845497322650479-scaled.jpg'], ['879605c0-be522092-7ca4-4cb4-9323-0cc6ef0a94a6-scaled.jpeg'], ['f9d38e81-stobrick-porig-.jpg', '516fc3f1-sto-brick-porig.jpg'], [], [], [], [], [], ['523ecdf9-kachel-mit-messingstuetzen-rotated.jpg'], ['4565392f-0f1ef70c-fa30-4c6d-9248-35282799ee15.jpeg', 'ec400d3e-6fff6d07-750a-43d7-a21c-2e7290d3be58.jpeg', '4039d2c0-f201e42a-0dc9-493e-bcda-22bb29812b24.jpeg'], [], ['081fe671-7d39d4bc-ad90-4267-ae77-8fddbf9708ca-scaled.jpeg'], [], [], [], ['b167521d-flachstahlgelaender-gelaender-12050m-stabgelaender-ausgebaut.jpg'], ['2616c5c8-1abb9499-4485-4ced-ace3-dc1fd9c8bd4c_1_105_c.jpeg', 'fa363ee5-fac35ebe-b90f-4d16-9276-6466159c0a2c_1_105_c.jpeg', '3e16df05-9c9ccfa4-7cf8-4b8a-bc56-ad1257707468_1_105_c.jpeg'], [], [], ['3169f9ae-whatsapp-image-2021-09-30-at-10.05.23.jpeg'], ['d434ba23-20200722_084845-scaled.jpg'], ['339e2505-p1130726.jpg', 'a06f6131-blech.jpg'], [], [], ['7c4f7b4c-img_1797.jpeg'], ['3f1d09aa-20230509_140042-scaled.jpg', '44dc0f57-2023-06-14.jpg'], ['52848581-image_5355d8de-25f0-4e95-87d4-f48f5eff892a-scaled.jpg'], ['324c0c14-image-scaled.jpg', '1f13a61c-2eb2b29c-9344-499d-bc7b-ea4c3f473e8f-scaled.jpeg'], ['d7ce8051-murowanie3-—-kopia-—-kopia.jpg']]",42.0,4.0,16.0,20.666666666666668
90,Plaques,Pr_40_10_77_63,78.8,10,8993.0,Pr_40_10,Pr_40_10,Signage products,"[['8a7bdd6c-903164f1-b9a4-440c-ae58-e910098d1929.jpeg'], ['e72cd028-h246egxtszuuydf16ggoaq-scaled.jpg', 'ac709e93-xjqsmuxrscmaq4uwwmsooq-scaled.jpg'], [], ['7060944e-screenshot_20220221-190908_android-system.jpg'], ['a43a532c-20220402_112926-scaled.jpg'], ['86ee14e2-s-l1600-32.jpg'], ['aa3b2ee7-marmorboden01-4-scaled-1.jpg', '1c2101d3-marmorboden01-1-scaled-1.jpg'], ['96bb0278-e3420c3f-f2c5-4c22-8230-dae872ff3537-scaled.jpeg'], [], [], [], ['b0a305ca-5106f07e-140c-4568-a9bc-a126a0414497-scaled.jpeg'], ['ac1bd1be-granitbank1-scaled.jpg', 'ee02853c-granitbank1-scaled.jpg'], ['4b001456-img_7151.jpeg'], ['56908d5a-57-2.jpg', '75585c76-img_2022.jpeg', 'a01087ea-57-5.jpg', '2bb1a596-img_2019.jpeg'], ['cbd93407-trespa-1-scaled.jpg', '2ca120c9-trespa-3.jpg', '138a7afe-trespa-2-scaled.jpg']]",46.0,20.0,1.0,22.333333333333332
44,Plastics window films,Pr_25_57_51_60,42.22727272727273,44,2.1951219512195124,Pr_25_57,Pr_25_57,"Non-rigid sheet, mat and strip skin products","[['cc864030-20230211_1151001-scaled.jpg', '17f6e8dc-20230211_1151361-scaled.jpg', '7a0712f7-20230211_1152291-scaled.jpg', '9a439e00-20230211_1214041-scaled.jpg', 'b6f24c54-20230211_1152141-scaled.jpg', '338f3ef7-20230211_1214281-scaled.jpg'], ['a5432266-img_0154.jpg'], ['35ae6d61-fenster_1.jpg', '3179b23c-fenster_2.jpg'], ['315775c0-000afd3a-a35c-4100-9b4d-c93dd9a1e331.jpeg', '37995c12-53d5e8e8-a930-4c98-8aa6-0616c0a40185.jpeg', '28346629-0f9152cd-c9d3-422c-8cc3-cf40457dadd1.jpeg', '116f33ac-938c7d27-7b26-40bb-ab3e-0d43114db533.jpeg', '8116786d-f28a1e05-0076-4a13-834e-c13f77839bb4.jpeg'], ['da6a183f-16600602024033406695983330210799-scaled.jpg'], [], ['b8a95d18-screenshot_20220803-083201_adobe-acrobat.jpg'], ['b7a18761-screenshot_20220803-083201_adobe-acrobat.jpg'], ['b4ce6850-img-20220313-wa0010.jpg', 'b9c829fb-img-20220313-wa0009.jpg', 'a02e1545-img-20220313-wa0011.jpg', 'c41de3b7-img-20220313-wa0012.jpg'], ['62974da4-img_20210715_190734-scaled.jpg', 'affe6ba5-img_20210715_190842-scaled.jpg'], ['7af192e9-pxl_20211126_132333272-scaled.jpg'], ['1831d842-pxl_20211126_132455191-scaled.jpg'], ['a77879a1-pxl_20211126_133452588-scaled.jpg'], ['ed09acb4-pxl_20211126_131113433-scaled.jpg'], ['82c636cc-pxl_20211126_141836542.mp_-scaled.jpg'], ['ebd4b909-pxl_20211126_133128705-scaled.jpg'], ['9bf9f00a-fenster-scaled.jpg'], ['0ce055d6-fenster-dinr-scaled.jpg'], ['2dc6b851-4d519211-d5fa-45d7-b937-574896ebf249.png'], ['3b7ecf09-img_0163-scaled.jpg', 'e14e434d-img_0166-scaled.jpg', '45058157-img_1328-scaled.jpg'], [], ['07e0c964-fenster--338x450.webp', '5d989b10-fensterbank--450x338.webp'], [], [], [], [], [], [], [], [], [], [], [], [], [], ['8eb0f3cb-img_0564-scaled.jpg', '78ab1f41-img_0567-scaled.jpg.webp'], [], [], [], [], [], ['025d161e-img20230224120000-scaled.jpg', 'c4d63913-img20230224115858-scaled.jpg'], ['95e87935-pxl_20230116_163356734-scaled.jpg', 'a0d2585f-pxl_20230116_163356734-scaled.jpg'], ['004651b2-16508969450866486755082929840103.jpg'], [], ['a2e0072f-img_8174.jpeg', 'cffc7f32-img_7863-scaled.jpeg']]",12.0,5.0,52.0,23.0
8,balustrade,IfcRailing.BALUSTRADE,92.38888888888889,18,690.6111111111111,IfcRailing.BALUSTRADE,,,"[['756e4668-8e274fbb-bd56-42ad-a5ed-cfe488a81e21.png', '1adbbbf6-7dca1090-acd2-416c-b7ff-34b7db71280f.png', '47677f96-f4214c7b-0295-46c0-9bb6-3958fa68b9fd-scaled.jpeg', '6bdd2aec-114d567e-2fbf-46ac-a8b5-962388380a66.png', 'cb4b2afa-2a8d7e9e-1156-473a-8db5-f0b2919576a7.jpeg'], ['9d369ce9-img_20200801_162737-scaled.jpg', '666e04cd-img_20200801_162721-scaled.jpg', '1a1c6158-img_20200801_162608_1-scaled.jpg'], ['f3820a35-img_20200801_162721-scaled.jpg'], ['95f5d842-4786adb8-16ed-469c-8da4-39093a1b4769.png'], ['6e9d3f53-20210914_110718_hdr-scaled.jpg'], [], [], [], ['522fe4fc-0953df2d-eb7d-473b-a18a-c49b6c9ba2d4.jpeg', 'b8b03017-b97b1992-027a-4698-8c2d-d94b1b71f6c3.jpeg', '7b21a727-ofxqvlxwlivlgaaaaasuvork5cyii.png'], ['36a6dd53-207290018_199436222061998_6019246728558736550_n.jpg', '8ac35b8c-205124283_134383512124826_4738576618632723441_n.jpg', 'ed804ea2-205436075_364863911643496_906175209275886744_n.jpg'], ['443da155-img_4735-scaled.jpeg'], [], [], [], [], ['e42a7905-1.jpeg'], ['8f194bca-bild-2-scaled.jpg'], ['4975c0ca-120b5676-8447-4502-9c0e-d3b21c37eb99-scaled.jpeg'], ['5d50eb12-img_5256-scaled.jpg', '3646d5a1-img_5249-scaled.jpg', '3664f2aa-img_5254-scaled.jpg', '581077ea-img_5253-scaled.jpg'], [], [], ['8789c726-img_20210912_180621.jpg'], [], ['396188aa-img_7060-scaled.jpg', 'b8a3a90e-img_7055-scaled.jpg'], ['58f2dddc-img-20200416-wa0005.jpg.webp'], ['0f8e72e6-img-20230317-wa0003.jpg'], ['08d464dc-img_1392.jpeg'], ['74754f89-004-scaled.jpg', '039d9f8d-001-scaled.jpg'], ['cda4bdd7-77654f56-b952-47b8-bfd9-7e1e165733a8-scaled.jpeg'], ['e276dc13-bild5-337x450.webp', 'd62b3277-bild2-337x450.webp'], ['0b57fe13-20230715_114111-scaled.jpg', '0cf8d3e2-20230715_114117-scaled.jpg', 'daaa39c5-20230619_141018-scaled.jpg', 'ac4b4660-20230619_140952-scaled.jpg', '2c2410a5-20230715_114121-scaled.jpg', '7c95ed2e-20230715_114132-scaled.jpg', 'dc92919a-20230715_114155-scaled.jpg', '6caecd05-20230619_140959-scaled.jpg', 'd563a023-20230619_141008-scaled.jpg', '2339caec-20230715_114127-scaled.jpg']]",53.0,10.0,8.0,23.666666666666668
92,Natural stone quoins,Pr_25_93_51_58,52.09090909090909,11,85.2,Pr_25_93,Pr_25_93,Unit skin products,"[['c50adbb7-20220226_141057-scaled.jpg'], ['64e859f4-afbbba5a-770b-434b-8859-5ffd21296197-scaled.jpeg.webp'], [], ['c2e5866d-s-l500-3.jpg'], ['16553814-s-l500-7.jpg', 'a4ce988a-s-l500-6.jpg'], ['1ba60d63-img_7561.jpg'], ['f97ca34a-s-l500.jpg'], ['2be1c9ae-00176_produktbild_165-203_700x700.jpg'], [], ['fed0fdd7-w1001157-04.jpg', '886a0c6d-w1001157-01.jpg'], ['dded2394-schild_60_8rollen-scaled.jpg', '89ab861f-schild_200_14rollen-scaled.jpg'], ['94120b14-img-20211103-wa0007.jpg', '602c9330-20211117_112817.jpg', '8d6ef33e-20211117_113051.jpg', '91bd1bcc-20211117_112635.jpg', '07bbc7ce-20211117_112929.jpg', 'ece4f453-20211117_113153.jpg'], ['1d867b9a-isover-fsp-031.png'], ['24696de0-img_1507-scaled.jpg'], [], ['37602f89-gurtgesimssteine-ca-45-70-cm-lang-ca-12-m-gesamtlaenge-scaled.jpg', 'd5db2647-gurtgesims-querschnitt-2-scaled.jpg'], ['b0e3653a-s-l1600-36.jpg']]",33.0,17.0,23.0,24.333333333333332
97,Glazed structures,Pr_20_65_34,38.0,3,110.0,Pr_20_65,Pr_20_65,Prefabricated buildings and structures,"[['64e44a31-20211222_083111-scaled.jpg'], ['2cf0a9ee-glasbausteine-sehr-schoen-4.jpeg', '7be13db7-glasbausteine-sehr-schoen.jpeg'], ['e2712ee2-glasbaustein_wie_neu-scaled.jpg']]",8.0,46.0,20.0,24.666666666666668
22,turnstile,IfcDoor.TURNSTILE,90.21428571428571,14,397.0,IfcDoor.TURNSTILE,,,"[[], [], ['94182637-70D9-4D90-810E-81581E700693.jpeg'], ['d8c103ec-773225ce-8352-4741-8206-46d6c65e9a30.jpeg'], ['6ff8def4-spiegel-geschlossen.jpg.webp', '3a812a87-detail.jpg.webp', '2c5995f7-gesamtmenge.jpg.webp'], ['0192c89d-w1001330-01.jpg'], ['ffc68d6b-strada_ig_6-scaled.jpg', '96276937-strada_ig_8-scaled.jpg'], [], [], ['c6f2a185-img_20220112_123910-scaled.jpg'], ['2f9eb996-s-l1600-1.jpg'], ['2730abc5-s-l1600-1.jpg'], ['a5a99d09-bildschirmfoto-2021-01-27-um-15.54.24.png'], ['96a86bcf-wickelfalzrohr-o-355-mm-rund-verzinkt-2m.jpg'], [], ['811c204f-img_20220821_124033-scaled.jpg'], ['73a7b1aa-backsteinklinker-glatt_01.jpg'], ['c5e639dd-20220317_165120-scaled.jpg'], ['fcd14dc5-caf2bde7-cf4d-4268-97e6-358d8e1b9f0b.jpeg', '43f0384e-541d3c19-ea20-4e32-a9d8-5ce0568ad487.jpeg'], ['51258bdf-img-20210406-wa0000.jpg', '967c1549-img-20210321-wa0002.jpg.webp'], ['623eabfe-img_4741-scaled-1.jpg', '258b93fa-img_4744-e1533247352629-scaled-1.jpg'], ['b932a3ce-img_4744-e1533247352629-scaled-1.jpg', '1fc881a2-img_4739-scaled-1.jpg', '633cbecc-img_4743-e1533247308364-scaled-1.jpg'], [], [], ['66974b33-img_20200829_111811-scaled.jpg'], ['3924a2e8-img_20200829_111817-scaled.jpg'], [], [], [], [], ['ed235ae2-doppelstabmattenzaun-6-scaled.jpg'], ['50e2a254-08b6c23e-ad83-4233-8cb6-600fa78f2797.jpeg', '0335311a-15f3fd9a-ff54-42c8-bf61-c86570681cdb.jpeg', '3f344660-86d2c495-c73e-40e8-97c3-98436d6153a5.jpeg'], ['ccdf0753-design-ohne-titel4.png'], ['ad545cf4-design-ohne-titel5.png'], ['6c923d8a-design-ohne-titel6.png'], ['05751b59-design-ohne-titel7.png'], ['84701dd1-img_20230625_164315-scaled.jpg'], ['3ae1f666-img_2198-rotated.jpg']]",52.0,12.0,12.0,25.333333333333332
42,Sprinklers,Pr_70_55_98_84,46.42857142857143,7,23.428571428571427,Pr_70_55,Pr_70_55,Liquid and gas outlet products,"[[], ['dbc65185-imgp3829-n-scaled.jpg', 'a0cbfadb-imgp3832-n-scaled.jpg', 'baeeceb6-fenster-01-n.jpg', '37deaeb8-imgp3834-n-scaled.jpg'], [], ['4d5f0d68-c5646189-0feb-4238-a1e2-a7d62de41267-scaled.jpeg'], [], ['44cca75d-img_1536-rotated.jpg.webp'], ['25a7c64f-s-l1600.jpg', '99a35ce9-s-l1600-2.jpg', '9afb6a52-s-l1600-1.jpg', 'eb7f9dda-s-l1600-3.jpg', 'fd39e2a9-s-l1600-4.jpg'], ['f6d1c1c3-20220609_135844.jpg', '8ba69ebd-20220609_135914a.jpg'], ['766db45d-20221015_131647-scaled.jpg'], ['24c77fda-17dcca7b-ba9d-4ab3-94cb-efd9b52d74ce-scaled.jpeg'], ['b68b7971-pflasterklinker-1.jpg']]",22.0,23.0,31.0,25.333333333333332
76,tee,IfcCableCarrierFitting.TEE,98.0,12,2085.6666666666665,IfcCableCarrierFitting.TEE,,,"[[], ['33e94e68-20221114_152816.jpg'], ['21447032-whatsapp-image-2022-04-09-at-10.00.58-am.jpeg'], ['5d7565d8-34b4d5f6-d87f-48b9-81ec-85be160bf1f6-scaled.jpeg'], ['d7ecc0d7-notleuchte-scaled.jpg', '9d3ab7c1-notleuchte-scaled.jpg', '82764c38-notleuchte-eiq-scaled.jpg'], ['ccc0e030-notled-scaled.jpg'], ['af139b53-pdp_941214-btf-anschlussstreifen-2012-10.jpg'], ['1fd9768f-whatsapp-image-2022-04-20-at-5.23.27-am-4.jpeg', '5dad78d5-whatsapp-image-2022-04-09-at-10.00.59-am-4.jpeg', 'f9bd272e-whatsapp-image-2022-04-20-at-5.23.26-am-5.jpeg', '9055b272-whatsapp-image-2022-04-20-at-5.23.27-am-3.jpeg', '03ce054e-whatsapp-image-2022-04-20-at-5.23.27-am-1.jpeg', 'fdc32b2a-whatsapp-image-2022-04-09-at-10.01.00-am.jpeg', '34415ea8-whatsapp-image-2022-04-20-at-5.23.26-am-6.jpeg', 'd8842787-whatsapp-image-2022-04-20-at-5.23.26-am.jpeg', 'c45f1820-whatsapp-image-2022-04-20-at-5.23.26-am-4.jpeg', '336fd9d3-whatsapp-image-2022-04-20-at-5.23.27-am-4.jpeg', '4491382f-whatsapp-image-2022-04-20-at-5.23.26-am-4.jpeg', 'b37e34e2-whatsapp-image-2022-04-20-at-5.23.28-am-2.jpeg', '1fc04b0b-whatsapp-image-2022-04-20-at-5.23.26-am-2.jpeg', 'e89d71c0-whatsapp-image-2022-04-20-at-5.23.26-am-1.jpeg', '64f88a2a-whatsapp-image-2022-04-20-at-5.23.27-am-1.jpeg', '202e245f-whatsapp-image-2022-04-09-at-10.01.00-am.jpeg', '56892684-whatsapp-image-2022-04-09-at-10.01.00-am-1.jpeg', '0ad7b139-whatsapp-image-2022-04-20-at-5.23.27-am-4.jpeg', '421d90a2-whatsapp-image-2022-04-09-at-10.00.59-am-4.jpeg', '1f982765-whatsapp-image-2022-04-20-at-5.23.28-am-3.jpeg', 'd5b7370a-whatsapp-image-2022-04-20-at-5.23.27-am-1.jpeg', '034bc0ed-whatsapp-image-2022-04-09-at-10.01.00-am-1.jpeg', 'f7c592b5-whatsapp-image-2022-04-20-at-5.23.25-am-1.jpeg', 'f6aba6a2-whatsapp-image-2022-04-09-at-10.01.00-am-2.jpeg', '29adfd9e-whatsapp-image-2022-04-09-at-10.00.59-am-1.jpeg', '1bdd5af5-whatsapp-image-2022-04-09-at-10.00.59-am-2.jpeg', '50086023-whatsapp-image-2022-04-20-at-5.23.26-am-5.jpeg', 'ad89fa60-whatsapp-image-2022-04-20-at-5.23.28-am-3.jpeg', '5f3c2b2a-whatsapp-image-2022-04-20-at-5.23.28-am-5.jpeg', '8e0b07ea-whatsapp-image-2022-04-09-at-10.00.59-am-3.jpeg', '41f8cd2a-whatsapp-image-2022-04-09-at-10.00.59-am.jpeg', '0a42d852-whatsapp-image-2022-04-20-at-5.23.25-am-2.jpeg', '8fb421df-whatsapp-image-2022-04-20-at-5.23.25-am.jpeg', 'ed444de4-whatsapp-image-2022-04-20-at-5.23.26-am-3.jpeg', '765fe5b9-whatsapp-image-2022-04-20-at-5.23.28-am-6.jpeg', '2fdd3b70-whatsapp-image-2022-04-20-at-5.23.28-am.jpeg', 'a038aedb-whatsapp-image-2022-04-09-at-10.00.58-am.jpeg', '406ac1bb-whatsapp-image-2022-04-20-at-5.23.27-am-5.jpeg'], ['f0c2461a-img_0970-scaled.jpg'], [], [], [], [], [], [], [], [], [], ['Etikett-2-213x450.webp', 'Zaun-213x450.webp', 'Pfosten-450x213.webp'], ['5af540e8-20220123_142728-scaled.jpeg'], ['b38b5e85-3-scaled.jpg']]",57.0,16.0,3.0,25.333333333333332
93,Scuttles,Pr_40_50_07_78,43.5,2,5500.0,Pr_40_50,Pr_40_50,Furnishings,"[['5202f969-blm_zsk.jpg'], [], [], []]",16.0,59.0,2.0,25.666666666666668
4,Window walls,Pr_30_59_99,52.98076923076923,52,6.9772727272727275,Pr_30_59,Pr_30_59,Openings and opening component products,"[['48f71fa6-1835a9cb-b23c-4ed7-b810-562d0b2e4ab6.jpeg'], ['53944d75-antike-tueren-jugendstil-antike-haustueren-5285-0.jpg'], ['90bea148-87b124f8-9cf3-40dd-85cb-8e52d420d589.jpeg'], ['69a5840e-whatsapp-image-2022-04-12-at-2.08.21-pm.jpeg'], ['33b99457-img_20220305_103119-scaled.jpg', '9205146b-img_20220305_103251-scaled.jpg'], ['4c7b6e7a-glastür-din-l-scaled.jpg'], ['36050aea-img_3254-rotated.jpg'], ['28b57f2a-tueren.png'], ['b36318aa-glastür-din-l-scaled.jpg'], ['259cff9d-dormatür-scaled.jpg'], ['4e655704-eyjidwnrzxqioijhc3rlcml4lxbyb2qtbwf0zxjpywwtyxnzzxrzlwzv_002-scaled.jpg'], [], ['bd0591b3-0e1235d6-2909-456f-9fd6-74c7bd00b422-scaled.jpeg'], ['10130085-balkontuer.jpeg', '9e779885-fenster.jpg', 'eae8d051-balkontuer2.jpg'], ['0b8b35a9-fenster2.jpg', '26496a2e-fenster1.jpg'], ['74ce6268-img-20221118-wa0003.jpg'], [], [], ['9c96a45a-screenshot_20211114-100940_samsung-internet.jpg', '05bbb1ad-screenshot_20211114-101005_samsung-internet.jpg', 'a295c1d1-screenshot_20211114-100855_samsung-internet.jpg'], ['b7a5327e-84b3f26c-5c9f-471d-a219-91bc12b996b2-scaled.jpeg'], ['64da0ac4-907176ff-7c8c-476f-a233-20c155182392-scaled.jpeg'], ['e3487d72-p1010253-scaled.jpg', '82738acd-p1010253-scaled.jpg', 'fd32abb4-p1010253-scaled.jpg'], ['aa86fb6f-img-20210501-wa0015.jpg', 'e4d9c7e3-img-20210501-wa0016.jpg', 'bda8ffda-img-20210501-wa0010.jpg', '8bdc1bf4-img-20210501-wa0008.jpg', 'a9dda96c-img-20210501-wa0017.jpg'], ['5b75106a-f08-f07-fenster-balkont�r-r�ckseite-8x.jpg', '0074d847-straáenfassade-scaled.jpg', 'a0d85812-f01-fenster-fassade-straáe-8x.jpg'], ['85ebecd7-20210227_1014211-scaled.jpg'], [], [], [], [], [], [], [], [], [], [], [], [], [], [], ['da6b7ee2-img-20200922-wa0009-rotated.jpg', '7347cc68-20200913_125831_resized.jpg'], ['579f0812-fenster1.jpg'], [], [], [], [], [], [], [], [], [], [], [], ['acbd872f-img_7493.jpg', 'e0f761e9-img_7491.jpg', '12b69d1b-img_7494.jpg'], ['a8b4c4c7-20220216_103954-scaled.jpg'], [], [], ['9e0c37e7-f9e5-4637-b892-364d97cee9261.jpg', 'abd341a4-bild.png'], ['ffc05e2e-fenster_kinderzimmer_1-scaled.jpg', '13dafcaa-kinderzimmer_3-scaled.jpg', 'ff3836dd-kinderzimmer_6-scaled.jpg'], ['b31c88ce-fenster_kueche_4-scaled.jpg', '1f479fcf-fenster_kueche-scaled.jpg'], ['7d83325e-fenster_wohnzimmer-scaled.jpg'], ['45103a0e-kinderbad_2-scaled.jpg'], ['67ba8646-alim0026-scaled.jpg', 'c273ac85-alim0023-scaled.jpg', 'e02ce956-alim0025-scaled.jpg'], ['2d478cd1-img_6792-scaled.jpg', '1cf40bb8-img_6792-scaled.jpg'], ['900efb04-604bf058-9635-4d72-88dc-22dc1b59564b-scaled.jpeg'], ['82827133-16959705159687952229413719423115-450x338.webp', 'e54bd27b-16959704770431102071549414981367-338x450.webp', '262fdaf2-16959705358486942977490150636669-450x338.webp', 'b45762f6-16959702927447812299895373189849-338x450.webp', '1e07c703-1695970414137880761876854240176-450x338.webp', '3ad1c970-16959703685261430685449544748033-450x338.webp']]",36.0,3.0,42.0,27.0
112,Dimensioned stones,Pr_20_93_52_23,30.666666666666668,3,22.0,Pr_20_93,Pr_20_93,Unit structure and general products,"[[], [], []]",3.0,46.0,32.0,27.0
45,Sprigs,Pr_20_29_56_82,114.5,16,1466.8,Pr_20_29,Pr_20_29,Fastener products,"[['1d3763af-fenster-7.0-scaled.jpg', '92543d12-fenster-4.0-scaled.jpg', '2764359f-fenster-1.1-scaled.jpg', 'c022ed1d-fenster-11.0-scaled.jpg', 'c8d95f51-fenster-9.0-scaled.jpg', '871c93e9-fenster-13.0-scaled.jpg'], ['7186b2db-20210711_152429-scaled.jpg'], [], ['43ad8176-280d3591-a4c5-42a9-b3a3-23b31bdc5c50-scaled.jpeg.webp'], [], [], [], [], ['eca94b83-screenshot_20220216_114053_com.android.gallery3d.jpg'], ['cb063dba-20211024_114952.jpg'], [], [], [], [], [], [], [], [], [], [], ['7446a470-3d2eac5b-a44f-4d2f-aad2-353ebd33f0da_1_201_a-scaled.jpeg'], ['d5bb0187-889e0314-2fd0-4d05-85b3-01afee0d1ef6-scaled.jpeg'], [], [], ['5016df36-zuschnitte-1.png', 'a84eb53f-screenshot-2022-11-26-142833.png', '41326838-zuschnitte-4-.png'], [], [], [], [], [], [], [], ['144cb82d-trittschalldaemmung.jpg'], ['2d6e5b76-1d5ea40d-4341-4777-aa58-19fd2aef81e9.png', '0d7985cf-9c79cd2d-b7f9-4b40-851d-e117634cf74e.png'], [], ['73fc3404-bild1.jpg'], [], [], ['9da11386-bild_gelaender.png'], ['fb7e36d6-20211005_173812-scaled.jpg'], ['c6caec4d-25add5da-94a3-473a-9b4a-59219ce7785f-scaled.jpeg'], ['ac512f24-15209_wakol-z-615.png'], ['39e197ea-b60a4ceb-8716-4c54-aa78-92573dfcb788.jpeg'], ['fa805b48-000_0785-scaled.jpg', 'b549eb3d-000_0787-scaled.jpg'], ['479734a6-img_0748-450x338.webp'], ['90d719f0-20230707_195345-scaled.jpg'], ['04b8b472-img_20230804_204953-scaled.jpg']]",67.0,11.0,4.0,27.333333333333332
51,Plastics linings,Pr_25_71_43_62,47.55555555555556,9,12.11111111111111,Pr_25_71,Pr_25_71,"Rigid board, panel, sheet and sectional products","[['7a874ddd-img-ce89de03bf0c7d04f5bd1f5d10654c50-v.jpg'], ['f059160b-20210412_100938-scaled.jpg', 'c47c44ef-verkauf-2-fensterelemente.jpg', 'd0f23215-20210412_104656-scaled.jpg'], [], [], [], [], [], [], [], [], [], ['a731a0d3-img_7261.jpg']]",26.0,21.0,36.0,27.666666666666668
89,Concrete bollards,Pr_20_76_08_19,76.54545454545455,11,93.28571428571429,Pr_20_76,Pr_20_76,Sectional products,"[['8ed8b23e-lst-3.jpg', '994dfc8b-lst-4.jpg', 'c59cd0cc-lst-6.jpg'], ['8286d4ca-20201117_140617-scaled.jpg.webp'], [], [], ['327bfb0b-betonplatten-rot-30-x-30--scaled.jpg'], ['2198e53d-20211019_140244-scaled.jpg', 'f0a719db-20211019_140049-scaled.jpg'], ['0f421285-8ecefce9-0c56-459d-ae50-bcdbbe7bf01a-scaled.jpeg'], [], [], ['3943e708-2.jpg', 'a3ff1bbf-9.jpeg', '4be390d7-5.jpg', 'def686da-8.jpeg', '021e549d-neu-600er_mit_noppen-beton-systemstein-betonblock-1-scaled.jpg'], ['e1de4f5e-neu-9_6_6_mit_noppen-betonblock-beton-legostein-1-scaled.jpg', '7d6351b1-bbloxx-referenz-1240x960-schuettgutbox_3_sortierboxen_sortierbereiche_mit_betonblock_guenstig_und_schnell_bauen.jpg', '4a22c224-sortierhallen_klein.jpg'], ['3c890ad3-sortierhallen_klein.jpg', '2d2c03d0-bbloxx-referenz-1240x960-schuettgutbox_3_sortierboxen_sortierbereiche_mit_betonblock_guenstig_und_schnell_bauen.jpg', 'ff28fe69-neu-600er_mit_noppen-beton-systemstein-betonblock-1-scaled.jpg'], [], ['8d366924-bjsi2299.jpg']]",45.0,17.0,22.0,28.0
102,polygonal,IfcWall.POLYGONAL,34.0,2,117.5,IfcWall.POLYGONAL,,,"[['a9fb2418-s-l1600-3.jpg'], []]",7.0,59.0,19.0,28.333333333333332
58,Aluminium window walls,Pr_30_59_99_02,53.0,4,252.0,Pr_30_59,Pr_30_59,Openings and opening component products,"[['9ba6050f-beschreibung-fenster.jpg'], ['f7ed1844-exclusive_86_new.jpg'], [], [], [], ['5d6dd7eb-1a7c312d-cfdb-48b4-962e-9fcb336474df.jpeg', '07f49a22-27353eb1-b128-4bcc-8d3d-95fa753d55bd.jpeg'], ['4873d94d-img-20230717-wa0006.jpg', '7998b51c-download.png']]",37.0,33.0,15.0,28.333333333333332
105,Stone balusters and newel posts,Pr_20_76_06_86,81.0,5,417.5,Pr_20_76,Pr_20_76,Sectional products,"[['1ebc4ea3-s-l1600-9.jpg'], ['1b8068b3-s-l1600-10.jpg'], ['a11a242d-s-l500.jpg'], ['8810f179-img_4757-rotated.jpg', '792e4763-img_4754-rotated.jpg', '526c1e76-img_4751-rotated.jpg'], [], ['ee097c7e-c8160685-acbc-4d7b-a7e1-fa5329f55f00.jpeg', '709501c9-fcb9ef31-e503-4907-a75b-41b8d3cb0a93.jpeg'], [], ['a7fcfe35-25-12-6-3.jpeg', '7cd2a717-25-12-6-2.jpeg'], [], [], ['abe4e123-img_9745.jpeg', '541fbd15-68c6-4f40-bf2a-b864917599fa.jpeg']]",48.0,28.0,10.0,28.666666666666668
41,roofing,IfcCovering.ROOFING,48.0,3,335.0,IfcCovering.ROOFING,,,"[['3b6c2764-2022-02-27-12.46.29-scaled.jpg'], [], ['579eac6b-f7dab010-a245-457e-ac39-fb7a70e48009.jpeg']]",27.0,46.0,13.0,28.666666666666668
86,Dovecotes,Pr_40_30_04_25,63.75,8,60.625,Pr_40_30,Pr_40_30,Fittings,"[[], [], [], [], [], ['89fd0c86-s-l500.jpg', '5eea5f18-s-l1600-4.jpg'], ['8b204fad-s-l1600-5.jpg'], ['f2b2f4f0-schiefer-scaled.jpg'], [], ['ba0d32e8-screenshot_2023-01-24-10-24-07-731_com.android.chrome.jpg'], ['03f25f46-20210112_141232.jpg', 'e20b99d0-20210112_140934.jpg'], ['45816d26-img_20200725_160350-scaled.jpg.webp'], [], ['c957790a-20210114_105610.jpg', '4a4c4af3-20210114_105657.jpg'], [], ['9cc7ea7b-img_9445-scaled.jpeg', '5d6e2baa-img_9445-scaled.jpeg'], ['ec17b5c3-img_8443-scaled.jpeg']]",40.0,22.0,26.0,29.333333333333332
49,Plastics sleeving,Pr_20_29_85_64,43.0,4,5.75,Pr_20_29,Pr_20_29,Fastener products,"[['2131f7d4-9ba35f46-4a43-4e91-9f37-baffbe20a8b2-scaled.jpeg', '957670c1-72077c57-0392-4695-9bfe-c6fa05ab5217-scaled.jpeg', '46cbb17f-65aad21c-752a-40ac-bc43-0c077ccc0c8b-scaled.jpeg', 'c29f06a2-9cfe1c82-707e-4eb4-8945-14bb4eec335a-scaled.jpeg'], ['e1b9018f-img_20210302_180826.jpg', 'a8b2ae14-img_20210302_180942.jpg'], [], [], [], [], [], []]",13.0,33.0,44.0,30.0
55,Garage door holders,Pr_30_36_59_32,32.166666666666664,6,1.1666666666666667,Pr_30_36,Pr_30_36,Hardware products,"[['f806740e-architecture-1477041_1280.jpg', 'a261f1df-c48a-46e6-8e4f-671ad082b283.jpeg'], [], ['b25c74b3-18bff2b4-d5f6-4c27-a5e1-47f745b6a4e4.jpeg'], ['e893cee5-19178a980488453t103.jpg'], [], [], [], ['066253c9-100_2060-scaled.jpg', 'f28d84d9-100_2061-scaled.jpg', '2db7b015-100_2059-scaled.jpg']]",5.0,25.0,61.0,30.333333333333332
32,Roofing swags,Pr_20_29_88_75,43.4,5,3.5,Pr_20_29,Pr_20_29,Fastener products,"[[], ['543923dc-20211030_110443-scaled.jpg', '3117ceac-20211030_110517-scaled.jpg'], ['74e101e6-dachfenster-2-scaled.jpg', '5f0bb155-dachfenster-3-scaled.jpg', '10bba86b-dachfenster-1-scaled.jpg'], [], ['f90ef747-eee01678-4513-4663-a563-cfa8da017284-scaled.jpeg', '9afca987-bad71b1b-13b0-4583-a305-41be6cfa323b.jpeg', '8e4d1a6f-3c6b98bc-12a3-4ff2-a31c-31657057d4f5.jpeg'], ['2da3bc20-img_20230113_145353_61-scaled.jpg', '8c5b12e4-img_20230113_145423_31-scaled.jpg', '93ceeff9-img_20230113_145429_11-scaled.jpg']]",15.0,28.0,49.0,30.666666666666668
54,Metallized plastics window films,Pr_25_57_51_52,40.75,4,2.75,Pr_25_57,Pr_25_57,"Non-rigid sheet, mat and strip skin products","[['71368463-fenster2.jpg', '89b60de1-fenster6.jpg', '93464586-fenster1.jpg', '262bf809-fenster4.jpg', '786703f3-fenster3.jpg', 'b8c41888-fenster5.jpg'], ['1233ef68-fenster-scaled.jpg'], ['8379dc91-fensterr-scaled.jpg'], ['73633373-fenster-1.jpg']]",11.0,33.0,51.0,31.666666666666668
6,parapet,IfcWall.PARAPET,88.54054054054055,37,6.794117647058823,IfcWall.PARAPET,,,"[[], [], [], [], [], [], ['0b7e685e-img_2725-scaled.jpg'], ['1725aa48-inbound5977165879280626265.jpg'], [], [], [], [], [], [], [], ['5b746ad0-img-20220118-wa0005.jpg'], [], ['b22655fb-20230220_100422-scaled.jpg', '051c31f9-20230220_100221-scaled.jpg', 'ea91d585-20230220_100207-scaled.jpg', '19ecdb96-20230220_100405-scaled.jpg'], ['b0b3a6f1-terassenplatten-3-scaled.jpg'], ['7a5a4df3-s-l500-11.jpg'], ['343bef21-f1c2188c-f300-43d6-b6b1-d74d1b2c8495.jpeg.webp'], [], [], ['671de504-p1000566-scaled.jpg'], ['c274b678-img-20220626-wa0004.jpg', '60dac33c-img-20220510-wa0006.jpg'], [], [], [], [], ['23f69dfd-grau.png', '2b1a5873-b25-jumbo_small.jpg'], ['7f364cbd-b25-jumbo_small.jpg', '88a2d6f0-grau.png'], [], [], [], [], [], ['f392a91a-treppengelaender_3-scaled.jpg'], ['863c6f35-kellertreppenabsperrung-scaled.jpg'], ['89bae1a4-heizung_kellerbad-scaled.jpg'], [], [], ['5a02ea4a-03dc5046-92cb-4533-b178-652f636b4aad.jpeg', 'f8c61e50-6446ab35-f7fa-4202-8705-d78eed536bc7.jpeg', '347e1bdb-fba8bcdc-be6e-4c1c-bb8d-24e8886fbf7c.jpeg', 'f38e3539-6c2405e3-7cc8-4d30-ae49-0ed41f43b93c.jpeg'], ['ab014b50-screenshot_20220502-191819_firefox.jpg', 'fadd8aca-20220518_180825.jpg', '2e3d89c6-20220502_190844.jpg', 'eb727d28-20220518_180844.jpg'], [], [], [], [], [], ['1fd9db8c-20200701_200301-scaled.jpg'], ['f5b1c485-92372eff-3e9d-4a60-80c4-161f0b0be1d0-scaled.jpeg'], ['7d624295-pxl_20230315_073651091-scaled.jpg'], ['760e7cae-fenster-pvc-weiss-120x130-1-flgl.-scaled.jpg', 'e4de17e1-holzfenster-weiss-200x135-2-flgl.-mit-sprossenteilung-scaled.jpg', '50ef31bb-fenster-pvc-braun-86x103-1-flgl.-scaled.jpg'], ['804ebf63-dimensa-tapeziergrund-10l.jpg.webp', '7f59b501-dimensa-tapeziergrund-10l.jpg.webp', '74ddc8a7-dimensa-tapeziergrund-10l.jpg.webp', '9466725d-dimensa-tapeziergrund-10l.jpg.webp'], ['f1fb051f-p1100085.jpg', '8cec1dbd-p1100088.jpg']]",51.0,6.0,43.0,33.333333333333336
31,Pendant luminaires,Pr_70_70_48_62,79.3076923076923,26,4.0,Pr_70_70,Pr_70_70,Power and lighting outlet products,"[['2a564c4f-5f42-4c29-87c4-e259880e4f3c.jpg'], [], [], ['c43185ce-20221109_143958-scaled.jpg', '8a93487f-20221109_144106-scaled.jpg', '3259eab5-20221109_144027-scaled.jpg', '573da8dc-20221109_144016-scaled.jpg', 'f0769b10-20221109_144037-scaled.jpg', '9fd635c4-20221109_144159-scaled.jpg', 'cf110475-20221109_143850-scaled.jpg', '5e1e0eea-20221109_144346-scaled.jpg', 'ab7fee5a-20221109_143948-scaled.jpg'], [], [], [], ['df1a628e-fenster-3-vorne-scaled.jpg', 'ded341c8-fenster-3-oben-scaled.jpg', '72a3fc28-fenster-3-hinten-scaled.jpg'], [], [], [], ['39264aa0-7c4e9641-3ed9-4044-94c6-aa26ea18f745-scaled.jpeg', '51a33b82-a8dc718f-bdc2-4998-81db-03b22842b74b.png', '00beddff-d61fe25e-4ee4-428d-b1a3-149166502f11-scaled.jpeg'], ['ab4a339f-img_20200415_135956-scaled.jpg.webp'], ['2f410f36-img_1597677867613_68850.jpg.webp', 'd4a3c8c2-img_1597677888349_60635.jpg'], [], [], ['de376b7f-leuchte-scaled.jpg', 'ffb802db-leuchte3-scaled.jpg'], ['d595c3cc-bildschirmfoto-2021-09-01-um-15.51.36.png'], [], ['06e15f7f-38244bd4-2088-4925-bbe9-3d5cdf4493b0-scaled.jpeg'], [], [], [], [], [], [], [], [], ['f0ee6817-img_9820-scaled.jpg'], [], [], [], [], [], [], [], [], [], [], [], [], [], [], [], [], [], [], [], [], [], [], [], [], ['9ec94b63-serie-s7-s8-1.jpg', 'd0458de3-img_8836-scaled.jpg'], [], ['62d3e91a-30cb2e6a-da6e-4caf-95cb-577ddcf7eaa3-scaled.jpeg'], [], ['ff00226d-9170024e-7256-48bf-b05e-b232acbce942.jpeg'], ['30642811-60430dca-c445-45c1-a9fc-e84965cdb47f-scaled.jpeg'], ['06e15f7f-38244bd4-2088-4925-bbe9-3d5cdf4493b0-scaled.jpeg']]",47.0,8.0,47.0,34.0
106,finned,IfcTubeBundle.FINNED,95.83333333333333,6,100.8,IfcTubeBundle.FINNED,,,"[['3f23a157-0178_produktbild_165-203_700x700.jpg'], ['0b423ba3-img_20220305_090601-scaled.jpg', '0d79759b-img_20220305_090601-scaled.jpg'], [], [], ['90d17bd1-dscf2080.jpg'], [], [], [], []]",56.0,25.0,21.0,34.0
99,Desks,Pr_40_50_21_21,102.53846153846153,13,17.153846153846153,Pr_40_50,Pr_40_50,Furnishings,"[['27a31936-blacksilver.jpg', '8ff9a652-simon-10-scaled.jpg'], ['cd86bd12-s-l1600-16.jpg'], ['76fd5ae7-img_20210608_165100-scaled.jpg', 'dde66626-img_20210608_165100-scaled.jpg', '5bae12b0-img_20210608_165100-scaled.jpg', '482ccb9f-img_20210608_165100-scaled.jpg', '0e6094d5-img_20210608_165100-scaled.jpg', '0f64a028-img_20210608_165100-scaled.jpg'], [], [], [], [], [], [], [], [], [], [], [], [], [], [], ['2a3cd4f7-img_2791-scaled.jpg']]",60.0,14.0,33.0,35.666666666666664
100,stair,IfcStair,95.28571428571429,14,8.785714285714286,IfcStair,,,"[['801f2220-stufen-scaled.jpg'], ['4e60a795-screenshot_20230227-094411_gallery.jpg'], ['5cf6564c-img_2851.jpg', 'df1c1181-img_2850.jpg', '1c3ec085-img_2861.jpg', '69191b16-20211216_123459-scaled.jpg', '894312d8-img_2846-scaled.jpg', '8bd57700-img_2848.jpg', '8652e589-img_2852-scaled.jpg'], ['d55fbc4e-img_4510.png', '4a675441-img_4511.png', '486f1ff4-img_4509.png', 'ac2fb766-img_4508.png'], [], ['99a9ba53-img_3203-scaled.jpg', '41fd9c6e-img_8968-scaled.jpeg'], [], [], [], [], [], [], ['6cbbe5ef-img_4478-scaled.jpeg'], []]",55.0,12.0,40.0,35.666666666666664
67,birdcage,IfcStackTerminal.BIRDCAGE,30.5,2,4.5,IfcStackTerminal.BIRDCAGE,,,"[[], ['a583e8eb-20220610_163751.jpg'], ['355e2e0b-968c1324-6ed0-491a-a799-0e91723e7bd9-scaled.jpeg', '0ed771f9-db231488-8ec3-43b3-b16d-d91114fb0a65-scaled.jpeg'], [], ['762047b5-00192-2_produktbild_165-203_700x700.jpg'], ['40485ab0-img_1229-scaled.jpg', '1fde87e3-img_1228-scaled.jpg'], [], [], [], [], [], ['53369391-748e-4629-9a67-c5ad3e099d81.jpg', 'ad7a1791-1849-4cc3-b90a-9d4544e0be93.jpg', 'c6feae3e-528c-4ecb-84e7-e3a7f36bde7f.jpg', '99594239-e8ce-491c-b3f7-4bdcb727bd08.jpg'], ['d818500c-steingut_fliesen_2-scaled.jpg', '68b1a057-steingut_fliesen_1-scaled.jpg', '118f6972-steingut_fliesen_3-scaled.jpg', 'f82fea4d-steingut_fliesen_4-scaled.jpg'], [], [], ['6f6f9839-b2adb1ea-33ff-407a-be9f-d8d06fabac41.jpeg', '4869b82a-34a2a405-0448-4c5f-9f89-dce763b4ada6.jpeg']]",2.0,59.0,46.0,35.666666666666664
20,Steel window walls,Pr_30_59_99_83,43.666666666666664,3,5.666666666666667,Pr_30_59,Pr_30_59,Openings and opening component products,"[['9f452b64-stahltürweiss-scaled.jpg'], ['0bf101f6-glastuer-esg-mit-stahlzarge2.png'], ['82f69eff-4x-trockenbautuer-mit-stahlzarge-tueren-asugebaut2.jpg', 'f5e3b221-4x-trockenbautuer-mit-stahlzarge-tueren-asugebaut.jpg'], ['82d8bb8c-tür-scaled.jpg'], ['dbae7f91-tür-scaled.jpg'], ['886c7b5d-dorma-scaled.jpg'], ['eb941782-t-scaled.jpg'], ['107ce321-tür-scaled.jpg'], ['06454db1-t-scaled.jpg'], ['f9c5aef9-glastür-scaled.jpg'], ['f9f9aedc-badtür--scaled.jpg'], ['de97d305-badtürdinr-scaled.jpg', 'b1c7c683-badtür--scaled.jpg', '9587b75f-band-scaled.jpg'], [], [], []]",17.0,46.0,45.0,36.0
62,Window panels,Pr_30_59_97,48.0,3,14.0,Pr_30_59,Pr_30_59,Openings and opening component products,"[['8b16274c-3b3cc2d3-e957-41b0-87ed-d7a91ddcb771-scaled.jpeg', '1e3daf80-5c04655b-580f-44eb-a3f2-214fd30f1ea3-scaled.jpeg', 'b4d2da4d-0e1e6059-ec93-4a63-a86c-e61e9dffc3cf-scaled.jpeg'], [], []]",27.0,46.0,35.0,36.0
47,Annealed glass sheets,Pr_25_71_33_02,44.0,2,16.0,Pr_25_71,Pr_25_71,"Rigid board, panel, sheet and sectional products","[['71b06fb3-e0e19bed-73ec-4f0a-a039-f5defe22c0ef-scaled.jpeg', '5fecb1ab-f65a5261-48fc-4237-9f7a-7a6bda3beadc-scaled.jpeg', '150d7ce9-ac0a7e5e-ed49-4735-891b-0405c59eda4a-scaled.jpeg', '889ab1e8-737a749f-f170-4854-b626-011d31f7f317-scaled.jpeg'], ['71b06fb3-e0e19bed-73ec-4f0a-a039-f5defe22c0ef-scaled.jpeg', '5fecb1ab-f65a5261-48fc-4237-9f7a-7a6bda3beadc-scaled.jpeg', '150d7ce9-ac0a7e5e-ed49-4735-891b-0405c59eda4a-scaled.jpeg', '889ab1e8-737a749f-f170-4854-b626-011d31f7f317-scaled.jpeg']]",18.0,59.0,34.0,37.0
110,Roman concretes,Pr_20_31_16_72,88.0,2,1042.0,Pr_20_31,Pr_20_31,Formless structure and general products,"[['eb663071-fffc5d14-466c-429e-8c30-a96e706e621e-scaled.jpeg.webp'], ['3e72856f-dieühaus-iii.jpg', '5b0dbe14-diephaus-ii.jpg']]",50.0,59.0,5.0,38.0
69,Heat-strengthened glass sheets,Pr_25_71_33_37,47.0,4,1.0,Pr_25_71,Pr_25_71,"Rigid board, panel, sheet and sectional products","[[], [], [], []]",23.0,33.0,63.0,39.666666666666664
26,Glass brise-soleil louvre blades,Pr_30_59_09_33,47.0,2,10.0,Pr_30_59,Pr_30_59,Openings and opening component products,"[['549498c4-b5a58192-c213-4d16-9b63-ee8648eb44cb.jpeg'], [], ['313e7bca-img_32091-scaled.jpg', 'b0aba520-img_32101-scaled.jpg'], [], ['97d5c1ab-img_7198-scaled.jpeg'], ['f198e91c-img_0638-scaled.jpeg', 'ba4d0442-img_8144-scaled.jpeg', 'aa8a74a4-img_0636-scaled.jpeg', '809c8a7f-img_8139-scaled.jpeg', '17f89077-img_0634-scaled.jpeg'], ['41c65591-img_20210925_152420-scaled.jpg']]",23.0,59.0,38.0,40.0
66,rafter,IfcMember.RAFTER,52.666666666666664,6,1.0,IfcMember.RAFTER,,,"[[], [], [], [], ['0b764347-71a24509-959e-451e-90b0-2fdb493556e7-scaled.jpeg'], ['005463df-dscf2088.jpg'], ['97871880-16447561755216806843075112197386-scaled.jpg'], [], ['dc728fba-fenster.jpg']]",35.0,25.0,63.0,41.0
36,roof,IfcRoof,59.57142857142857,7,1.1666666666666667,IfcRoof,,,"[[], [], [], ['faf6e739-20220517_193846-rotated.jpg'], [], [], ['e31c2585-dachbodenleiter_1-scaled.jpg'], [], []]",39.0,23.0,61.0,41.0
37,diverting,IfcValve.DIVERTING,107.51428571428572,35,1.9142857142857144,IfcValve.DIVERTING,,,"[[], [], [], [], [], ['1219f714-ruck-uebergangsstutzen-fuer-mpc-315-450-mpc-ec-400-450-mpc-t-355-500-mpc-ec-t-400-usm-700-400.jpg'], [], ['0a47aaa4-img-20220104-wa0003.jpg'], ['d1a985a6-img_20190403_143121-scaled.jpg.webp'], ['b649a9cf-085be85f-055e-4e44-b7c0-45eb3f3ce24e.jpeg.webp'], [], [], [], [], [], [], [], [], [], [], [], [], [], [], [], [], [], [], [], [], [], [], [], [], [], [], [], [], [], [], [], [], ['c4b20c2d-20220608_130106.jpg', 'ff22a5b3-20220608_130106.jpg'], ['0145995b-img_20200824_182630-scaled.jpg'], ['bf79b6f9-img_20200824_182808-scaled.jpg'], [], [], ['3e96dd77-9968615b-7a0c-4ba1-b5dc-7a2662bf7f51-scaled.jpeg']]",63.0,7.0,55.0,41.666666666666664
11,Glass louvre window units,Pr_30_59_98_34,48.5,4,1.0,Pr_30_59,Pr_30_59,Openings and opening component products,"[[], ['7002f691-5_str_klarfeld_4000px_ohne_stempel-scaled.jpg.webp'], ['a81ebd5e-img_2121-scaled.jpg', '0d8efdc8-img_2122-scaled.jpg', '270a5b46-img_2120-scaled.jpg'], [], [], [], []]",29.0,33.0,63.0,41.666666666666664
72,Glass panels,Pr_25_71_33_35,38.5,2,1.5,Pr_25_71,Pr_25_71,"Rigid board, panel, sheet and sectional products","[[], ['624000aa-bildschirmfoto-2021-12-09-um-13.58.17.png'], ['53f1118b-photo1672840518.jpeg']]",10.0,59.0,57.0,42.0
1,door,IfcDoor,108.59756097560975,82,1.2375,IfcDoor,,,"[['8284bc77-img-20221213-wa0001.jpg', 'a4c9c07a-img-20221213-wa0005.jpg', 'e77c4598-img-20221213-wa0004.jpg'], ['b123618c-tuer3.jpg', '2960cd4c-tuer1.jpg', '4bdadaa3-tuer2.jpg', '073bc35c-haustuer.jpg'], ['7fcf0dea-d2db8ee8-7a25-4928-85bd-4824ca015b8f.png', '7e3081fd-f0e3197d-edfe-4834-8fa6-7ac2bd73fdbc.png', '65bde49f-dff391da-4212-40d0-8dbd-a83c620a8cd2.png'], ['86638eb1-img_20220109_135017-scaled.jpg'], ['3677ff33-pxl_20211125_144048257-scaled.jpg'], ['02bd272a-screenshot_20210913_211923_com.ebay_.kleinanzeigen.jpg', '4432a990-screenshot_20210913_211920_com.ebay_.kleinanzeigen.jpg', '9ba9fc30-screenshot_20210913_211920_com.ebay_.kleinanzeigen.jpg'], ['672ba1ff-20210308_114023-scaled.jpg', 'cc87a873-20210308_134622-scaled.jpg'], ['ed4b538c-20210121_120221-scaled.jpg', 'de3e4832-20210121_120207-scaled.jpg.webp', 'c2ec67b4-20210121_120138-scaled.jpg'], ['42749969-D341-46A2-B0E6-1D4D3379B289-scaled.jpeg'], [], [], [], [], [], [], [], [], ['9e4216e6-dc15dec6-9b81-4f4f-ad39-5c2c59eb8f60-scaled.jpeg'], [], [], [], [], ['2be2175a-1695387644457894016899.jpg', '62ace168-1695387573282176527053.jpg'], [], [], [], ['dfe1b401-haustuer-fuer-muehle-unkenntlich.jpg', 'e35b8268-zeichnung-haustuer-fuer-muehle-masse-scaled.jpg'], [], [], [], [], [], [], [], [], [], [], [], [], [], [], [], [], [], [], [], [], [], [], [], [], [], [], ['0a758755-20200912_161940-scaled.jpg', '4e949b16-20200912_161550-scaled.jpg'], [], [], [], [], [], [], [], [], [], [], ['d14171df-img_0683-scaled.jpeg', '5ec9ad5a-img_0686-scaled.jpeg', '35d6a31c-img_0682-scaled.jpeg', 'bc3390c7-img_0684-scaled.jpeg', 'd31e7347-img_0681-scaled.jpeg'], ['451c38af-2e96-41e8-9f6a-a51599b5f24d.jpg', 'f7535cfa-8677-4441-970c-7eea01d15cd6.jpg'], ['60a3dad9-img_20221114_122539-alle-scaled.jpg', '729460f8-img_20221111_152807-scaled.jpg', '82d864ce-tuerklinke-eingangstuer-scaled.jpg'], ['a840fc60-badtuer-weiss-din-r-tueren-ausgebaut2.png'], ['fffabda8-badtuer-schwarz-din-r-tueren-mit-zarge2.png', 'c6ccb307-badtuer-schwarz-din-r-tueren-mit-zarge.png'], ['0643d99d-ef469fb8-3ba6-4735-809c-d8fa71100aa3-scaled.jpeg'], [], [], [], [], [], [], [], [], ['4ccf122b-037dfe8e-7324-4030-8d03-c9b5e6a4483c.jpeg', 'd042bc9e-7aa6e34f-5ce2-4b67-aaec-e006bf064306.jpeg', 'a5b74899-22db6a1d-e38c-458a-9728-5846223b468e.jpeg'], ['dce94403-img-20230116-wa0052.jpg'], ['13767846-pxl_20230515_100220929-scaled.jpg'], ['2885dc19-image-scaled.jpg'], ['c7e2d646-tuer-klein01-scaled.jpg', '4add7fcf-img_20221111_140250-scaled.jpg'], ['616600c4-img_32191-scaled.jpg'], ['58e34ed3-tuer-2.jpg'], ['d9cf5ce6-innentuer-3-scaled.jpg', '55c6b663-innentuer-2-scaled.jpg'], ['79159e6d-image_e11653e6-8f40-464a-9b9a-701f87f3e3ea-scaled.jpg'], ['f4cfb028-img_20201214_145406-scaled.jpg'], ['59043d1e-img_0004-scaled.jpg'], ['3334c87f-tuer-1.jpg'], ['d2c91b5c-16147693200564850005357109014215-scaled.jpg'], ['05ed7133-stiltuer-blanco-1fs-weiss_3414_0.jpg'], ['6f398de3-3cceb23b-06ef-43e9-ac82-45bafae16313-scaled.jpeg'], [], [], [], [], [], [], [], [], ['0b7e685e-img_2725-scaled.jpg'], ['0b7e685e-img_2725-scaled.jpg'], [], [], [], [], [], [], [], [], [], [], [], [], [], [], [], [], [], [], [], ['2bccfeb9-img_20200817_104434-scaled.jpg', '97db95ac-img_20200817_104405-scaled.jpg.webp'], ['7eba3580-img_20200817_104454-scaled.jpg', 'a3775863-img_20200817_104454-scaled.jpg.webp', 'd6bfd41e-img_20200817_104440-scaled.jpg', '70159864-img_20200817_104454-scaled.jpg', 'dd792d8c-img_20200817_104434-scaled.jpg', 'f0dab6bc-img_20200817_104440-scaled.jpg'], [], [], [], [], [], [], [], [], [], [], [], [], [], [], [], [], [], [], [], [], [], [], [], [], [], [], [], [], [], [], [], [], [], [], [], [], [], [], [], [], [], [], [], [], [], [], [], [], [], [], [], [], [], [], [], ['77e57adb-db513f98-8f7b-482f-841e-ce30b9792693.jpeg'], [], ['0e1e3631-20201014_190626-scaled.jpg', '614e8e0d-20201014_190650-scaled.jpg'], ['91568924-1-innentueren-glatt-m-2-1-ral9016-219923-front_1.jpg'], ['4879ef36-optima_tuer_1.png'], ['bb02dfd9-20230525_120707-scaled.jpg'], [], [], ['95086a0c-img_4609.jpeg'], ['3b39c36e-img-20230116-wa0052.jpg'], ['286df6bd-20221208_tuerblatt-scaled.jpg'], ['1c5696d0-621e2aee-cb94-4f82-b447-2e75afc2fb97.jpeg'], ['8e9858f6-img_20221111_141520-scaled.jpg', '508cf6d1-img_20221111_141520-alle-scaled.jpg', 'c486b8aa-tuer-gross-scaled.jpg'], ['d905c65e-231017_ausschnitt-scherrengitter-og-408x450.png.webp', '25f8933e-231017_img_0872-450x338.webp'], ['2be2175a-1695387644457894016899.jpg', '62ace168-1695387573282176527053.jpg'], ['0f037e36-914e73b8-dba6-40ad-adcf-eda8ffa0c15a-338x450.webp', '70582c2f-88942afd-d608-4075-8c80-80d4808ad04c-338x450.webp'], ['9e1924cd-img_9384.jpeg', '558ac7a7-img_9391.jpeg'], ['b4c2e20b-04.jpg', 'd14cc777-01.jpg'], [], ['dca4f828-1dbe403e-cc46-450e-9fab-11c2aa747848-scaled.jpeg', '3607c880-05b56feb-ee32-4ad9-8f24-04a0b10e8338-scaled.jpeg'], ['e473d4db-e6c02240-2f4b-4b19-9576-ce13c91a5312-scaled.jpeg'], ['19aa1bcc-6c722b80-fb33-4130-a35c-d21a031c8548-scaled.jpeg'], ['2fb2fef7-tuer-338x450.webp', 'b0bc4126-20231020_191928-338x450.webp']]",64.0,2.0,60.0,42.0
18,Glass fins,Pr_25_71_33_34,64.5,4,2.0,Pr_25_71,Pr_25_71,"Rigid board, panel, sheet and sectional products","[['21716295-img_5236.jpg', 'a37d94c0-img_5239.jpg'], ['e9e4b1a7-fenster.jpg'], ['7fa31346-20220523_142842.jpg', '1c550853-20220523_142815.jpg', '545c727e-20220522_162109.jpg'], ['a0b63b98-20220522_161944.jpg'], [], [], ['612b954a-ce3d1dbd-583b-444b-a9f5-c1b80a198dfc.jpeg', '20a945cb-f8dec72c-1057-4f37-979a-05064f1b1a47.jpeg', '699bd3de-da07f892-e683-4e60-a7d6-d61ea2d1006b.jpeg'], ['fd3e18d0-20221117_1633551-scaled.jpg', '71fd0ad7-20221117_1633451-scaled.jpg', 'd2169486-20221117_1634071-scaled.jpg', '9b5eda66-20221117_1633281-scaled.jpg']]",41.0,33.0,53.0,42.333333333333336
71,Boxed sash window hanging fittings,Pr_30_36_36_08,32.5,2,1.0,Pr_30_36,Pr_30_36,Hardware products,"[['fb1601e7-img_20200605_084314-scaled.jpg'], []]",6.0,59.0,63.0,42.666666666666664
63,Stained glass sheets,Pr_25_71_33_84,44.5,2,3.0,Pr_25_71,Pr_25_71,"Rigid board, panel, sheet and sectional products","[['40c52847-d2df0066-b53b-40b0-b118-9418c99d4dee.jpeg'], []]",19.0,59.0,50.0,42.666666666666664
24,Steel spiles,Pr_20_85_34_84,121.0,4,76.5,Pr_20_85,Pr_20_85,Support and restraint products,"[['bc7ee21b-20230418_125705-scaled.jpg', 'a82bb793-6e7b-4e02-a2df-569797ef8950-1.jpg'], ['61e22c59-zarge.jpg.webp'], [], [], ['efd09a01-heb-300-2.jpg', 'bceb6307-20230127t091041.375-ar-profilstahl-21-42139-1-4.png', '6ec8dbed-heb-300-4.jpg', 'dae58dde-heb-300-1.jpg', 'ddcc74a3-20230127t091041.375-ar-profilstahl-21-42139-1-1.png'], ['6097b0f4-win_20220805_10_12_17_pro-rotated.jpg'], [], ['c4a9372a-zaun-scaled.jpg'], ['44bd5d4f-538a-48a0-8769-b6fdd9519d81-1.jpeg']]",73.0,33.0,24.0,43.333333333333336
34,Veneers and facings,Pr_25_71_94,54.333333333333336,3,4.0,Pr_25_71,Pr_25_71,"Rigid board, panel, sheet and sectional products","[['e9deefb1-img_20210928_120357-scaled.jpg'], ['46400693-img_20210508_124903-scaled.jpg'], []]",38.0,46.0,47.0,43.666666666666664
53,Thermochromic glass,Pr_25_71_33_90,103.0,2,413.5,Pr_25_71,Pr_25_71,"Rigid board, panel, sheet and sectional products","[['dc41cd1e-gridart_20230319_140706935-scaled.jpg', 'd11c5089-s-l1600.jpg'], ['d33a2c0b-win_20220805_10_35_11_pro.jpg', '99aee93d-win_20220805_10_35_11_pro.jpg']]",61.0,59.0,11.0,43.666666666666664
14,Window hinges,Pr_30_36_36_96,73.33333333333333,3,8.333333333333334,Pr_30_36,Pr_30_36,Hardware products,"[['d42a8dd0-tmp-cam-404677980.jpg', 'edb528fa-tmp-cam-1282443078.jpg'], ['d25ca216-img_9428-rotated.jpg', '6367ab5d-img_9434-rotated.jpg'], [], ['5055985e-alim0013-scaled.jpg', 'd1f27983-alim0015-scaled.jpg', '79f6909e-alim0011-scaled.jpg', '581b727e-alim0014-scaled.jpg']]",44.0,46.0,41.0,43.666666666666664
57,Double window steam sight glasses,Pr_65_52_34_24,47.0,3,1.0,Pr_65_52,Pr_65_52,"Pipe, tube and fitting products","[['04fb6bea-img_20210825_135739_214_copy_1843x1382.jpg', 'fd551505-img_20210825_135715_934_copy_1382x1843.jpg'], [], []]",23.0,46.0,63.0,44.0
137,heat  exchanger,IfcHeatExchanger,112.21739130434783,23,1.3043478260869565,IfcHeatExchanger,,,"[['85ca0505-img_11041-scaled.jpeg'], ['9ba819e1-73f690fe-4fae-41bd-b919-b0562fa48328.jpeg', 'ef06f444-186d1935-a93f-4082-8b51-f4cdda0b1c0d.png', 'a46dd484-6dcc9bb3-2061-42ea-bc43-1459e6b69ea7.png'], ['9873ffab-img_0582-scaled.jpg'], ['1a846eea-pxl_20210903_175556754-scaled.jpg', '8aed794b-pxl_20210903_175556754-scaled.jpg'], ['6e2f6bff-heizung_gaestebad_3-scaled.jpg', 'df9c9acd-heizung_gaestebad-2-scaled.jpg'], ['50c8d682-929ca816-5591-446b-a9f7-395a8ad9cf18-450x338.webp'], ['3e3dc40a-heizung_wohnzimmer_1-scaled.jpg'], ['ca1ce410-heizung_elternschlafzimmer_2-scaled.jpg'], ['d24a8e20-img_1383-scaled.jpeg'], [], [], [], [], [], [], [], [], [], [], [], [], [], [], [], [], [], [], [], [], [], [], [], ['d24a8e20-img_1383-scaled.jpeg'], ['50c8d682-929ca816-5591-446b-a9f7-395a8ad9cf18-450x338.webp']]",65.0,9.0,59.0,44.333333333333336
21,Rigid polyurethane frame roof window units,Pr_30_59_98_72,81.75,4,1.75,Pr_30_59,Pr_30_59,Openings and opening component products,"[[], ['5b39875d-velux-scaled.jpg'], [], ['26d9d0a4-p1020970-scaled.jpg.webp', '050467a1-p1020967-scaled.jpg.webp', '154dc5a6-p1020971-scaled.jpg.webp']]",49.0,33.0,56.0,46.0
98,Ferrules,Pr_20_29_29_29,124.5,2,752.5,Pr_20_29,Pr_20_29,Fastener products,"[['c97d814f-img_20210821_130137752-scaled.jpg'], ['2b2a4331-img-20200827-wa0013.jpg', '915186f1-img-20200827-wa0014.jpg'], [], [], [], ['9d3cc93b-screenshot_20220709-133456_gallery.jpg', '74b7e5cb-20220709_134818.jpg', '692e5ba3-screenshot_20220709-134059_gallery.jpg'], ['d8605267-img_20200815_142819-scaled.jpg', '86d5e997-img_20200815_142819.jpg', '1f41a533-img_20200815_142819-scaled.jpg'], [], [], [], ['e426faf0-20230414_102720-scaled.jpg'], ['9cd166c7-085a-40b5-b577-66dba4cbd929.jpeg'], [], ['8069282c-20221105_145456354_ios-scaled.jpg'], ['f67f22da-e635c70e-d393-4592-9d48-0d29c158b258-scaled.jpeg', 'c8ebb256-05e56a5a-b104-42e3-9658-c595c38168d9-scaled.jpeg']]",74.0,59.0,7.0,46.666666666666664
3,Aluminium trusses,Pr_20_85_90_03,45.0,2,1.0,Pr_20_85,Pr_20_85,Support and restraint products,"[['57a00ce1-img_3273.jpg', '98c36248-img_3270.jpg', 'b7832f0e-img_3302.jpg', '45fa598f-img_3267.jpg', '55b5e4c1-img_3272.jpg'], [], [], [], ['cbac906b-img_5035-rotated.jpg']]",20.0,59.0,63.0,47.333333333333336
113,Access floor pedestals,Pr_20_85_47_02,50.5,2,1.0,Pr_20_85,Pr_20_85,Support and restraint products,"[['7f9dd487-0ded1a0b-964a-4e0d-9179-51463f765afa-scaled.jpeg', 'd44c4c65-04ea50c4-9d88-4dad-a091-2bd60f06bccb-scaled.jpeg', '1f82c48a-a2ef5e6d-ec7a-45da-bc2f-86f4c4877296-scaled.jpeg'], []]",31.0,59.0,63.0,51.0
78,Composite window units,Pr_30_59_98_15,51.0,2,1.0,Pr_30_59,Pr_30_59,Openings and opening component products,"[[], ['5e1e7b34-voorpui-3d-2-9-2020-scaled.jpg']]",32.0,59.0,63.0,51.333333333333336
122,wash handbasin,IfcSanitaryTerminal.WASHHANDBASIN,100.75,4,1.0,IfcSanitaryTerminal.WASHHANDBASIN,,,"[['52d51c50-img_8932-scaled.jpg'], [], [], [], [], []]",59.0,33.0,63.0,51.666666666666664
60,Fenders,Pr_70_60_82_29,52.5,2,1.0,Pr_70_60,Pr_70_60,Space heating and cooling products,"[['3a6ee365-img20210626141403-scaled.jpg', '3a48ca03-img20210626141537-scaled.jpg'], ['b138fae6-img_50561-scaled.jpg.webp', 'c3a63e02-fenster1.png']]",34.0,59.0,63.0,52.0
77,spool,IfcPipeSegment.SPOOL,100.66666666666667,3,2.0,IfcPipeSegment.SPOOL,,,"[[], [], []]",58.0,46.0,53.0,52.333333333333336
119,Bidets,Pr_40_20_06_11,103.5,4,1.0,Pr_40_20,Pr_40_20,Sanitary fittings and accessories,"[['bee71797-img_20211125_094853_hht-scaled.jpg'], [], [], [], ['7ac23c25-56b1518b-b424-4ff4-b362-ca4c8ca64749.jpeg'], [], ['c2faf980-6ff12a15-2ac2-49e1-bb78-84084db64bc3.jpeg'], [], ['3a1c9057-img-20230405-wa0009.jpg', 'd4cc7ff6-img-20230405-wa0003.jpg', '83cc5e5c-img-20230405-wa0006.jpg'], ['7d80d91d-lueftungskanaele_3.jpg'], ['18f75ed6-lueftungskanaele_3.jpg'], ['94d164f1-img20230227191434.jpg']]",62.0,33.0,63.0,52.666666666666664
153,Concretes,Pr_20_31_16,227.0,2,133.5,Pr_20_31,Pr_20_31,Formless structure and general products,"[['76b6ca09-betonplatten-40-x-40-rot-scaled.jpg'], ['0bf5e833-betonplatten-grau-50-x-50--scaled.jpg']]",82.0,59.0,18.0,53.0
149,girder,IfcBridge.GIRDER,70.5,2,1.5,IfcBridge.GIRDER,,,"[['e43d1b3c-knauf-gkb.jpg'], ['bf31f4fd-screenshot_2020-05-30-22-07-45.jpg.webp', '6668c6f5-screenshot_2020-05-30-22-07-51.jpg.webp'], [], ['8ba63a3b-whatsapp-image-2023-03-24-at-13.51.29.jpeg']]",43.0,59.0,57.0,53.0
121,shower,IfcSanitaryTerminal.SHOWER,116.8,5,1.0,IfcSanitaryTerminal.SHOWER,,,"[['fede60ea-whatsapp-image-2022-02-23-at-13.35.09.jpeg'], ['265e7a7b-55e89a4f-1e15-463b-9861-c8f52cae0e9c-scaled.jpeg'], [], [], [], [], [], ['3f61a042-duschkabine.jpg.webp'], ['fe5aeb4b-duschabtrennungen-slide-a18-sanibel-3001-8343426.jpg.webp'], ['9e257498-c3da-4e28-8021-65938d25e4e9.jpeg', '0ff14ec0-5213-4dc7-91b3-46886e41b3d5.jpeg', '57c338b2-8e2c-4a80-b809-2efe96362679.jpeg', '5ad76654-ed7b-4033-b251-6fd17c4fb64f.jpeg']]",69.0,28.0,63.0,53.333333333333336
123,Pedestal washbasins,Pr_40_20_96_63,142.33333333333334,3,10.0,Pr_40_20,Pr_40_20,Sanitary fittings and accessories,"[['261f78ed-ablage-waschbecken-scaled.jpg'], [], [], [], [], [], [], [], [], [], ['3e3b0637-20200701_200208-scaled.jpg'], ['7ef693d7-1690101309204-scaled.jpg']]",78.0,46.0,38.0,54.0
17,strut,IfcMember.STRUT,145.66666666666666,3,12.0,IfcMember.STRUT,,,"[[], ['afd9274b-img_20221114_122058-alle-scaled.jpg', '88deb31d-img_20221111_150559-scaled.jpg'], ['c61f4f0d-ef41fb92-b28d-4835-8db4-034d859cc9d7.jpeg'], ['5900672a-da398dd4-81ce-4d2b-b2a0-ff23be31dfd9.jpeg'], ['5859ee3d-tuerzarge_kilsgaard.jpg'], ['3130b965-img_20220305_090028-scaled.jpg'], [], ['74ebae6b-win_20220805_09_55_31_pro.jpg'], ['b1e643a2-20230602_143517-scaled.jpg']]",79.0,46.0,37.0,54.0
125,Wall-hung washbasins,Pr_40_20_96_96,130.5,2,49.5,Pr_40_20,Pr_40_20,Sanitary fittings and accessories,"[[], ['d1e269fe-betonplatten-40-x-40-rot-scaled.jpg']]",77.0,59.0,27.0,54.333333333333336
107,Terrazzo mix ,Pr_20_31_53_86,128.5,2,27.0,Pr_20_31,Pr_20_31,Formless structure and general products,"[['54ee42ac-00201_produktbild_165-203_700x700.jpg'], ['a7459c08-dv_8_0265123_02_4c_de_20190124171656.jpg']]",76.0,59.0,30.0,55.0
151,Metal sections,Pr_20_76_51,224.0,2,63.0,Pr_20_76,Pr_20_76,Sectional products,"[[], [], []]",81.0,59.0,25.0,55.0
124,urinal,IfcSanitaryTerminal.URINAL,118.5,4,1.0,IfcSanitaryTerminal.URINAL,,,"[['b646b282-20210106_110428.jpg'], ['b646b282-20210106_110428.jpg'], [], [], []]",71.0,33.0,63.0,55.666666666666664
155,Garden awnings,Pr_40_50_33_33,119.25,4,1.0,Pr_40_50,Pr_40_50,Furnishings,"[[], [], [], []]",72.0,33.0,63.0,56.0
0,Doorsets,Pr_30_59_24,112.66666666666667,3,1.0,Pr_30_59,Pr_30_59,Openings and opening component products,"[['ac4e0b7e-43802fe3-e140-4345-bf18-8f27d3be0607.jpeg'], [], ['01ac14a1-53e23d24-a950-479c-867d-edae750cebf2-scaled.jpeg'], [], ['27cb0699-20200706_135244_001-scaled.jpg'], [], ['06bb19a0-ad8a-408b-ad8c-a423fcd37941.jpeg', 'a24fff8d-b18f-4f22-b0ef-0080f3e15e88.jpeg'], ['24a93afa-wesrag-roehrenspan.png', '089dcaec-westag-roehrenspan-2.png'], ['ac4e0b7e-43802fe3-e140-4345-bf18-8f27d3be0607.jpeg'], ['b251abb0-1000041925-253x450.webp']]",66.0,46.0,63.0,58.333333333333336
46,Duvets,Pr_40_50_81_25,93.5,2,1.0,Pr_40_50,Pr_40_50,Furnishings,"[[], [], [], [], [], [], [], [], []]",54.0,59.0,63.0,58.666666666666664
132,lamp,IfcLamp,117.33333333333333,3,1.0,IfcLamp,,,"[[], [], [], []]",70.0,46.0,63.0,59.666666666666664
120,bath,IfcSanitaryTerminal.BATH,115.0,2,1.0,IfcSanitaryTerminal.BATH,,,"[['88299a83-screenshot-2022-11-10-205815.jpg'], [], ['f4dee837-image-scaled.jpg', 'e8679f34-image-scaled.jpg', '4ea358f3-image-scaled.jpg', 'aa32db36-image-scaled.jpg', 'b35dd45a-img_0100-scaled.jpeg', 'fe9bdc14-image-scaled.jpg', 'afc5c4e0-image-scaled.jpg', 'e8c5a056-image-scaled.jpg', '08c46c3e-image-scaled.jpg'], [], [], ['f4dee837-image-scaled.jpg', 'e8679f34-image-scaled.jpg', '4ea358f3-image-scaled.jpg', 'aa32db36-image-scaled.jpg', 'b35dd45a-img_0100-scaled.jpeg', 'fe9bdc14-image-scaled.jpg', 'afc5c4e0-image-scaled.jpg', 'e8c5a056-image-scaled.jpg', '08c46c3e-image-scaled.jpg']]",68.0,59.0,63.0,63.333333333333336
15,Door frames and leaves,Pr_30_59_23,124.5,2,1.0,Pr_30_59,Pr_30_59,Openings and opening component products,"[[], [], ['d430e5b4-wc-trennwand-inkl.-tueren-1490-x-2000mm.png'], ['6f2bf92d-20220529_161848.jpg'], ['fd09082a-20220529_161848.jpg'], ['469bcf94-weisse-tuerblaetter-scaled.jpg', '8fb0fadb-weisse-tuerblaetter-scaled.jpg']]",74.0,59.0,63.0,65.33333333333333
25,Frameless glass door leaves,Pr_30_59_23_32,184.0,2,1.0,Pr_30_59,Pr_30_59,Openings and opening component products,"[['df6b8768-150652658-1.jpg'], ['e2b08731-img-20220109-wa0000.jpg', '94bae4ad-img-20220109-wa0003.jpg', 'c4f9b9bc-img-20220109-wa0001.jpg'], ['e20d9bb4-img-20220109-wa0004.jpg'], [], [], ['6ddf238e-flurtuere-aussen-scaled.jpg'], ['4ce67d7d-20230222_155724-scaled.jpg', 'ea7a2e86-20230222_120924-scaled.jpg', 'e4f1430d-20230222_155701-scaled.jpg'], ['8e154b0e-img_5771.jpg']]",80.0,59.0,63.0,67.33333333333333
